0,1,2,3
5.430469341492515,-0.4618089624370058,,
-0.1745972144109064,-1.0242277092477838,,
-0.1845013149755459,0.16807128835606858,,
,,0.0,2.3117351387114744
-0.15672631659793276,-0.37704954843351174,,
,,0.0,-0.17268578717254385
,,0.0,-0.10821210254977133
,,0.0,-0.17268578717254385
-0.17449406348557897,-1.2582568905985196,,
-0.1745972144109064,-2.0590650252026648,,
-0.16769899627963591,-0.23681080433771015,,
-0.17436512482891972,-1.6120920586049166,,
-0.16769254934680294,-1.2313500475026526,,
-0.14459963593912922,0.33652101669190765,,
,,0.0,-0.1363428971954797
-0.15474066128538014,0.0024793989558035095,,
-0.18260188738963415,0.5802469044596987,,
0.5621453758744475,1.063266268086761,,
0.5190411829532563,1.6678207974410257,,
-0.0751919570594488,0.8123657232240824,,
,,0.0,-0.16268275615722216
-0.07187178665047282,1.1922982306793686,,
-0.18269778551552449,0.5948639680935353,,
-0.1643981666691588,-0.43873062490580295,,
,,0.0,-0.12655827297088545
0.4586011876442275,1.4038403405451803,,
-0.1082389347612175,0.769536585133471,,
-0.1740169904559397,-1.1209349406440026,,
,,0.0,-0.17268578717254385
,,0.0,-0.17268578717254385
-0.14780376155711186,-0.0762722562136359,,
-0.18260027565642592,0.6987037357666077,,
-0.16440461360199177,-0.8009311869633968,,
-0.1641531832215062,-0.6794530179791058,,
-0.14129235939581916,0.8489344471366205,,
-0.17449406348557897,-1.1133937382262966,,
-0.17435867789608675,-1.7110410646756333,,
-0.17436512482891972,-2.1243033601943155,,
-0.056586108903517375,0.7068889656666315,,
-0.1743715717617527,-2.061830562793323,,
-0.16660946463086515,-1.0994961325848371,,
-0.17126817946928508,0.16902403297217336,,
-0.16441106053482474,-0.42095707171574925,,
-0.1745972144109064,-2.499283803486627,,
-0.18443442804740393,0.5706547807657624,,
,,0.0,-0.060817828961893486
-0.1642821218781655,-0.577460103110672,,
-0.18612352444964023,0.10490959355292194,,
-0.18584388873801047,0.7142525094053226,,
-0.1507306690632771,0.2376018802171065,,
,,0.0,-0.13494509373482338
-0.029019024109767286,1.3819165114539627,,
-0.16417897095283807,-1.3778346406018844,,
5.334274656691873,0.8292932867194622,,
-0.1705807752559704,-1.825770813288371,,
-0.07198138450863319,0.3784887053220679,,
-0.14775863302728112,0.6196564880767397,,
-0.17899482846959133,0.49020220891084104,,
-0.170999825890113,-1.0358193515143843,,
-0.16426922801249955,0.06657984108110239,,
-0.1854820546327604,0.43337691496847663,,
,,0.0,-0.05859007969647228
-0.17509846343866928,0.45825406155438553,,
-0.18529831704702096,0.5612745515063919,,
-0.1745972144109064,-1.07009253645129,,
-0.1679955551899522,-0.21628664979154483,,
-0.18486234321419184,0.512543679093562,,
,,0.0,-0.14612752142007387
-0.16457868078848178,-0.28926353282649503,,
-0.18610498951774546,0.15094566388811614,,
-0.1745972144109064,-1.598451744834573,,
,,0.0,-0.11686101146258229
-0.1246850604181063,0.6598101602834034,,
,,0.0,-0.164298966408606
-0.1816114773331702,-0.13104305532213265,,
-0.1678021472049633,0.15606805068389074,,
-0.18264540418625666,0.18258858822095575,,
,,0.0,-0.17268578717254385
-0.16770544321246886,-1.3533240434097635,,
-0.16114246558851245,-0.4344746026421589,,
,,0.0,-0.11956925566760386
-0.14458029514063034,0.24806512086656723,,
-0.17042604886797927,-1.5249276957095932,,
-0.15780295438103759,0.21351119269212063,,
-0.1643981666691588,0.31493158557301154,,
-0.17100627282294595,-0.8556904857791438,,
-0.17127059706909745,-1.0022778288278165,,
-0.18287346443522273,0.6059238829279734,,
0.06679529165372987,1.1464278259042537,,
-0.07478580029097212,1.1804909648089763,,
-0.1745972144109064,-1.631107386085407,,
-0.18214657275830615,0.4797120323966672,,
-0.1445480604764655,-1.389165601485262,,
-0.18295002176261416,0.7510095812570494,,
-0.16091682293935874,0.25102291590588655,,
-0.1745972144109064,-2.2420138996826426,,
-0.17467135413848547,0.6632880622061388,,
-0.1860469671222488,0.19509085990341177,,
,,0.0,-0.17268578717254385
-0.18244071406881007,0.5428410037344562,,
,,0.0,-0.17268578717254385
-0.1314736806912164,0.8914536128260844,,
-0.1767722483754273,0.288867401524184,,
-0.18612755378266083,-0.07146177680168436,,
-0.18449245044290058,0.6132432660490049,,
-0.13128027270622752,0.8962575370892586,,
-0.17846215064426774,0.5290024832008113,,
-0.16122627571534098,-0.621926766941381,,
-0.1778754797564681,-0.07380399491505615,,
-0.1745972144109064,-1.909555634646191,,
-0.16439171973632585,-0.05079311432188084,,
5.283808066475438,-0.494580062071713,,
,,0.0,-0.16150335948729339
,,0.0,-0.17268578717254385
-0.1712963848004293,-0.9151950873888569,,
-0.13813336230766726,0.3245913105113505,,
12.536362520111242,0.7192788818596347,,
-0.1712963848004293,-0.5414380122973461,,
-0.18312811828212477,0.6598214843758564,,
-0.16770544321246886,-0.5566020649670518,,
-0.16458512772131473,0.3212507987782983,,
,,0.0,-0.17268578717254385
-0.131370529765889,0.8244580348005017,,
-0.1689287487175236,0.418939752005323,,
-0.17198378901374398,0.9990118062859725,,
-0.18512424986053097,0.6663737667959211,,
5.295696210619422,-0.4927461617455536,,
-0.0883888285685242,1.1301720573559346,,
-0.1408475210303447,0.6168116380008442,,
,,0.0,-0.1712879837118876
-0.1745972144109064,-2.3365471180535273,,
-0.18200554610258507,0.5769365591366313,,
-0.13453597378687387,0.4123218013908959,,
-0.15129155221974488,0.3503005049596916,,
-0.18351574011870667,0.5378757756933085,,
,,0.0,2.5096990538269246
-0.15439252691240013,0.5668794962692238,,
-0.1572420712245698,0.4569630864125748,,
-0.15791255223919795,0.07198526486245851,,
-0.182627675120966,0.46919315587317023,,
,,0.0,-0.17268578717254385
-0.16990304144190516,0.04209622944013966,,
,,0.0,-0.15730994910532445
-0.11150752970752978,0.975037053677725,,
-0.15768690959004425,0.18610143360963938,,
-0.18431999498961882,0.7687217706465437,,
-0.07196849064296726,0.1965528135443016,,
,,0.0,-0.0024595344794922504
-0.11161712756569014,1.1511988207037378,,
0.01725705976524164,-0.012228727185526906,,
-0.18479465041944573,0.07028138921452223,,
,,0.0,0.12631310933347148
-0.17405406031972925,0.41642985588263703,,
-0.15769335652287722,0.06839075577354384,,
-0.17105784828560966,0.003881641857076718,,
-0.18563033408791857,0.7630182826773378,,
-0.18560696395639908,0.8630448018558823,,
,,0.0,-0.17268578717254385
,,0.0,-0.17268578717254385
-0.1497579880721038,0.4737582289073994,,
-0.17105784828560966,-0.7376103056709578,,
-0.18221910075267697,0.455737282243712,,
0.18223407096076663,0.8800216273176696,,
-0.1610973370586817,-0.16582374139780337,,
-0.1741201413812671,-0.758368106302643,,
-0.16447552986315436,-1.1417228476081778,,
-0.17097403815878115,-1.1016595257989508,,
-0.1745972144109064,-1.750530482919843,,
-0.1609941861333543,-0.12412646754784674,,
-0.18159213653467132,-0.07078052883283349,,
0.04134280082919167,0.46924360759552675,,
-0.08518470295054156,1.2479848297647445,,
-0.1445674012749644,0.34239816941618456,,
-0.1786974636926709,0.28957932562268246,,
-0.16769899627963591,-0.9032050605079598,,
-0.18388321529018556,0.5216433769395327,,
-0.1745972144109064,-2.208694143139513,,
-0.1745972144109064,-2.198724171531556,,
-0.1745972144109064,-1.8088280820203304,,
-0.07478580029097212,1.18048462449018,,
-0.1745972144109064,-1.610394177539921,,
-0.13787548499434873,0.636597621844422,,
-0.16768610241396997,-0.36299029153152623,,
-0.16109089012584876,-0.22963919188044743,,
,,0.0,-0.17268578717254385
,,0.0,-0.03290544110691269
-0.15448923090489458,-0.12775799622959624,,
-0.17437801869458563,-1.3020279152812626,,
-0.06543694181657154,0.4099310708736181,,
-0.1679955551899522,-0.08927280729860687,,
,,0.0,-0.1167736487462912
-0.16776991254079848,-1.5054160063960005,,
-0.1745972144109064,-1.3709695555384365,,
-0.15401860480808827,0.7745934651956594,,
-0.03225538439191475,1.3107236419056507,,
,,0.0,1.0354968977741115
,,0.0,-0.1363428971954797
-0.1834182302596081,0.6614378226859079,,
-0.12797944309575043,0.6571835171825048,,
-0.18309104841833523,0.17243839161148786,,
-0.1745069573512449,-1.5192238079552245,,
-0.18420959126485434,0.7935270851217529,,
-0.17191609621899787,0.5404308239234348,,
-0.07528221411911028,0.7281859876018856,,
,,0.0,-0.17268578717254385
-0.14441912181980626,0.7309094028182503,,
,,0.0,-0.14861735883436797
-0.17112876454677226,-0.8235428600935033,,
-0.15450857170339347,0.033347532343444695,,
0.3202886906458378,0.9315011285717923,,
-0.1745972144109064,-1.0832578910026418,,
,,0.0,-0.16150335948729339
-0.16782793493629516,-1.0455529954626577,,
-0.15769335652287722,-0.19887009830249788,,
-0.07844121120726219,1.2509582755151107,,
-0.1511884012944175,0.8438749478892457,,
-0.1741781637767638,-1.4955678868054487,,
-0.18539179757309893,0.3707689058123314,,
,,0.0,-0.1583583017008167
-0.14118920847049177,0.7847611968931278,,
-0.13796574205401022,0.9380986571581262,,
-0.16452710532581807,-0.11080757069673149,,
-0.1745972144109064,-2.2256695769726482,,
-0.17112876454677226,-1.0902323811421122,,
0.04670664894621695,-0.3759950640411905,,
-0.0818774264072315,-0.14639837550801724,,
,,0.0,-0.17268578717254385
-0.05877161913389186,0.32502011862566654,,
-0.1176127751003458,0.8393307030758818,,
-0.05201523352494656,1.446659814501408,,
-0.17442959415724935,-1.1532536163671911,,
-0.1745972144109064,-2.324076732271248,,
-0.18585114153744756,0.6725021118403942,,
-0.18515084345846694,0.7464115696519208,,
-0.12809548788674377,0.4297878924527975,,
-0.11149463584186385,1.0254163540136563,,
-0.17449406348557897,-2.44912115902201,,
-0.15076290372744192,-0.11433329946596227,,
-0.16441106053482474,-0.03871184715242408,,
-0.170999825890113,-1.0169010713395432,,
-0.1531547158084712,-0.48252701907792,,
-0.18533216344439402,0.5487916513573475,,
-0.16105220852885097,0.3630088296512452,,
-0.1644497421318225,0.6730918495297209,,
-0.1743715717617527,-0.6001474995368579,,
,,0.0,-0.168492376790575
5.207901879300131,-0.5231007889562181,,
0.5786043953970021,0.8358890556024265,,
-0.17430710243342304,-0.506424348640547,,
-0.16110378399151468,-0.589764536374117,,
-0.18207485063053944,0.9093067123960161,,
-0.16762163308564035,-1.1255297120207661,,
-0.17527414235836752,0.6509139032371903,,
,,0.0,-0.17268578717254385
-0.18368900143859257,0.5677497532262802,,
5.351462179624552,-0.44783476360530716,,
,,0.0,-0.17268578717254385
-0.1745972144109064,-2.1732527624109608,,
-0.1610973370586817,-0.5948478405156284,,
-0.1745972144109064,-1.2866982107459861,,
-0.1573129874857324,0.4315930618273912,,
,,0.0,-0.13913850411679235
,,0.0,-0.12516046951022916
-0.1115913398343583,0.6558894800068591,,
-0.11456337587035427,0.5812286855124144,,
-0.13296936910846385,1.231335430149704,,
-0.17107718908410854,-2.1303166575435877,,
,,0.0,-0.11258023836432234
-0.13109975858690454,1.1575619881888417,,
-0.17436512482891972,-2.1234898756699487,,
-0.17100627282294595,-1.2401185076763162,,
0.0997842469600019,-0.05828827920385647,,
0.04059495662056795,0.9553876004457351,,
-0.15759665253038277,0.15641521455786322,,
-0.17756683284709,0.1678862115783553,,
,,0.0,-0.17268578717254385
-0.1745972144109064,-1.3041629871851532,,
,,0.0,-0.14053630757744867
-0.17105784828560966,-0.23372648025572565,,
0.07996637543147343,1.4080961555126943,,
-0.1712963848004293,-0.5570805262669637,,
-0.1726719990936628,0.13794568878219862,,
-0.1662355425265533,-0.8120323081800498,,
-0.08905930958315236,1.081613261098071,,
-0.1084130019477075,0.33706605200115586,,
-0.11018590847677234,1.4876932024733789,,
-0.16040106831272172,-0.32717842745325265,,
,,0.0,-0.13494509373482338
-0.18507186853126315,0.36455817543078123,,
,,0.0,-0.016612294518637057
-0.1745972144109064,-1.8626171617411467,,
-0.17401054352310674,-1.8540773340599457,,
-0.16770544321246886,-0.44251106112966754,,
-0.14447069728246995,0.4712935864708053,,
-0.17435867789608675,-0.7266657102322713,,
-0.16764097388413923,-1.2321006914227801,,
-0.18478417415359216,0.6687822185414133,,
-0.16346577900819154,0.7821074808133228,,
-0.1859913623265645,0.47302762213950184,,
-0.181322171222291,0.557856150636918,,
-0.16440461360199177,-0.5102854829199625,,
-0.18398475448230475,0.5463797116115934,,
-0.1645915746541477,-0.2265150490505756,,
-0.1745972144109064,-0.7240782216894616,,
-0.17052436459368198,0.5654048748703442,,
-0.18479465041944573,0.6477454689521256,,
,,0.0,-0.17268578717254385
-0.15777071971687276,-0.02141982361284427,,
-0.0389150660083656,1.3955210841120085,,
-0.18280415990726837,0.17820283229777445,,
-0.18474468668999025,0.4545531867265485,,
-0.023223231492933483,0.15090865699064215,,
-0.08158731442974816,0.40514952561859696,,
3.89976763202926,1.8395119459954683,,
-0.1499828248546534,0.26192124201934813,,
-0.17435867789608675,-1.645321351076755,,
0.6411074092125791,1.5319141196532564,,
-0.14447714421530292,0.6349859543959728,,
-0.16138744903616506,0.7125145691661225,,
-0.054336129344813265,1.214244440806367,,
-0.16757005762297664,-1.1035832410327873,,
-0.07518551012661584,1.2679692386746388,,
0.07208822350959256,1.5150363498998565,,
,,0.0,-0.17268578717254385
-0.15702287550824906,0.059274204606067034,,
-0.11740647324969099,0.8696334965475836,,
-0.15769335652287722,-0.30847185198081956,,
-0.048888471100959466,1.3925023355239488,,
-0.17437801869458563,-1.895502742493,,
-0.1720313351433871,-1.7727519827238198,,
3.5895992465025737,2.15096833647511,,
0.5155082637607926,1.4856216316178554,,
-0.1312286972435638,1.1811654269509873,,
-0.17105784828560966,0.3576585071733067,,
-0.18594865139654612,0.5599400108524587,,
,,0.0,-0.17268578717254385
,,0.0,-0.17268578717254385
,,0.0,-0.17268578717254385
-0.1280181246927482,0.7310072618207736,,
-0.1712963848004293,0.05066406191079363,,
-0.17449406348557897,-1.388761105887528,,
-0.0788409210429059,1.1012016799816073,,
1.1914498304984718,1.6724542538040765,,
-0.06500580318336714,1.1781973805227384,,
,,0.0,-0.17268578717254385
-0.1855368535618406,0.4831692517306256,,
-0.15128510528691191,0.18537074069905657,,
,,0.0,-0.17268578717254385
-0.16770544321246886,-1.054328714304379,,
-0.18442959284777918,0.6236750111503875,,
-0.10810999610455824,1.2778460916441305,,
-0.1612907450436706,-0.39977274942621194,,
-0.1545528943666201,0.31498629880588974,,
-0.1745972144109064,-2.0526236785966563,,
-0.1607685434842006,-0.6850317520005303,,
-0.18486234321419184,0.512543679093562,,
-0.08811805738953976,0.9815338926991415,,
-0.1712963848004293,-0.3422291203539373,,
,,0.0,-0.13913850411679235
0.037493981927912715,1.5912170049003937,,
-0.18611707751680728,0.24597873741636103,,
,,0.0,-0.17268578717254385
-0.18222635355211406,0.4711157434989739,,
-0.15777071971687276,-0.10189435246467815,,
-0.16770544321246886,-0.9388815410896406,,
-0.1745972144109064,-2.2784907104169814,,
-0.17044377793326992,0.9828213297609516,,
-0.12149382866578957,0.8897866449786319,,
-0.17114165841243817,-0.8426546299483215,,
-0.16777635947363145,-0.2739497933802997,,
-0.16776991254079848,-1.115025942770376,,
-0.15016978590680932,0.6549457474486163,,
-0.16261639560744864,0.4100360132200577,,
-0.16446263599748845,-0.4185682581391428,,
-0.14779086769144595,0.6599531393814916,,
,,0.0,-0.168492376790575
-0.1745972144109064,-2.0452314763406934,,
-0.18588740553463295,0.7480317537907497,,
-0.17915439005720715,0.49025727322334817,,
-0.15780295438103759,-0.06531728439975072,,
-0.058597551947401856,0.8786323258206139,,
1.3482005553991359,1.4289557015626813,,
-0.17369464381429156,0.6111143463871511,,
-0.17442959415724935,-2.087292351720954,,
-0.1674217781678185,-0.5829543241529149,,
-0.17119323387510188,-0.13428209699913088,,
-0.08829857150886272,1.535592982586963,,
,,0.0,-0.17268578717254385
-0.09835578672828511,0.7796304634117229,,
-0.17434578403042084,-0.9694873785950688,,
-0.1574870546722224,-0.24289297182988004,,
-0.16110378399151468,-0.6377476412639299,,
-0.18378489956448288,0.2526394763579574,,
-0.1643981666691588,-0.2374488119279058,,
-0.1652556087359429,0.958265324917733,,
-0.16771189014530183,-1.2211498068024444,,
0.7129842633672844,1.6169600811113476,,
-0.1745972144109064,-1.1047749120044126,,
-0.1745972144109064,-0.83107020798038,,
-0.17442959415724935,-1.5615910213650253,,
-0.16440461360199177,-0.5086192460067396,,
1.2195649045830237,1.3074008554515393,,
0.03863508903934718,0.5105370959396663,,
-0.15780940131387056,-0.3995218641031499,,
-0.1745972144109064,-1.7127825174434967,,
-0.1411634207391599,0.978776381160712,,
-0.17314423692367734,0.4450380189538306,,
,,0.0,-0.16010555602663706
-0.17436512482891972,-1.2198366291108123,,
,,0.0,-0.164298966408606
-0.18576813727722316,0.7381889645268952,,
-0.16440461360199177,-0.7548364554571818,,
-0.16775701867513257,0.07583506020199231,,
-0.16072341495436987,-0.3417110317186219,,
-0.16238027669244137,0.3134089337515373,,
-0.1712963848004293,-0.9054140029779767,,
-0.16770544321246886,-0.7222763413751035,,
,,0.0,-0.17268578717254385
-0.18283558870482908,0.2923976681304041,,
-0.04553606602781867,1.4266922149680448,,
0.9392393711401233,1.5541303575469545,,
-0.05878451299955778,1.2633060950124986,,
-0.11107558520772125,1.260525255352164,,
-0.15554411028968815,0.1757774626572546,,
-0.05115134452532951,1.29863363488619,,
-0.14458029514063034,0.5227206792731361,,
-0.1612778511780047,0.08702025839378504,,
-0.1840661470093209,0.7930580284352422,,
,,0.0,-0.12848025272928784
-0.1861057953843496,0.17611496938195983,,
-0.13788837886001465,0.8701917133175798,,
-0.1859913623265645,0.47302762213950184,,
-0.025763323029120933,1.2684200767892397,,
,,0.0,-0.164298966408606
-0.16058802936487762,1.0806544988008933,,
-0.1857423495458913,0.3898734278454802,,
-0.18417816246729363,0.04784210283226134,,
-0.16770544321246886,-0.6183540688921367,,
-0.18578747807572205,0.4429954908195432,,
-0.1645593399899829,0.5369919122445688,,
-0.1645440285245046,0.5280303635038573,,
-0.1511497196974197,0.8599536080015767,,
-0.1745972144109064,-1.8190176874906863,,
-0.14779086769144595,0.4744555625177071,,
-0.1806984304707018,0.25764000468108456,,
-0.15769335652287722,-0.12758429813988872,,
-0.17449406348557897,-2.3409669035143645,,
0.6335000284696827,1.4255392444166686,,
-0.1787764386198747,0.5650612253777636,,
-0.17128993786759633,-1.3897384300540225,,
-0.16779570027213034,-1.0461035849812599,,
,,0.0,-0.17268578717254385
-0.18102400057876644,0.7216244350207465,,
-0.17055498752463855,-1.651603415855175,,
-0.1745972144109064,-1.8450261460306903,,
-0.17502271197788194,0.7160464015000017,,
-0.15076290372744192,0.5984560378507909,,
,,0.0,-0.13774070065613603
-0.1745972144109064,-1.842562817116565,,
-0.15777071971687276,-0.2515148421476366,,
-0.030662991982172868,0.7781836187014889,,
-0.06859029783849462,1.199773626735623,,
,,0.0,-0.17268578717254385
0.3991862546556399,1.514463502984745,,
-0.17106429521844263,-0.8319145462759615,,
,,0.0,-0.13214948681351074
,,0.0,-0.17268578717254385
0.0415297618813476,1.5465926435601376,,
-0.16998523983552544,0.9510827673201386,,
-0.18452629684027363,0.433508986034631,,
-0.1744553818885812,-1.7965693307537642,,
,,0.0,-0.1559121456446681
-0.18580359540780444,0.4721980846273458,,
-0.10658851995597896,0.07146252647273175,,
-0.17106429521844263,-0.5517729796631168,,
-0.18428292512582928,-0.05350817232145535,,
1.2717721666643587,0.8755775073953382,,
-0.17093535656178335,-1.5940595483455104,,
-0.15129799915257786,1.0042547504029165,,
,,0.0,-0.17268578717254385
-0.13818493777033097,0.5039092415944924,,
-0.1679955551899522,-0.6122521569146485,,
-0.16782793493629516,-0.8537285465533615,,
-0.17123836240493262,-0.20490215324290265,,
,,0.0,-0.17268578717254385
-0.1745972144109064,-2.18946402342859,,
,,0.0,-0.17268578717254385
,,0.0,-0.1712879837118876
,,0.0,-0.13214948681351074
-0.16447552986315436,-0.37974268777216824,,
-0.17435867789608675,-2.0727672825527326,,
-0.186121912716432,-0.030190993402968488,,
-0.1745972144109064,-1.0716767456449305,,
-0.1744038064259175,-1.0577913077779024,,
-0.16446263599748845,0.10160221332360876,,
-0.1745972144109064,-1.3717373155668497,,
-0.16116180638701136,-0.14016723608061513,,
,,0.0,-0.057847496607998546
-0.1845722312367085,0.6156832914718631,,
-0.16110378399151468,-0.5107195632416017,,
-0.16110378399151468,-0.20585412111241036,,
-0.16083301281253023,-0.38977887597226907,,
,,0.0,-0.1572225863890334
,,0.0,-0.14053630757744867
,,0.0,-0.17268578717254385
0.22144431645084803,1.0732358127725554,,
-0.01584149339919077,1.3722974263807795,,
-0.08032774492750801,0.4621758798579772,,
-0.04883689563829576,1.3405211925254814,,
-0.005932557634926528,1.5207982147862502,,
0.2427127478667932,1.3042856037991026,,
,,0.0,0.5610736669557309
-0.18514923172525868,0.8186264252111912,,
-0.12807614708824486,0.6958304933481169,,
,,0.0,-0.17268578717254385
-0.1744038064259175,-1.754015325422533,,
-0.13799152978534207,0.45431212774946805,,
0.8866968685514743,1.290181080580067,,
-0.17762002004296196,0.19005335674592724,,
,,0.0,-0.09580659683644649
0.023994104575688048,1.5111021773030553,,
-0.12456256869428,0.5176621641779191,,
-0.09740808760183954,0.8671288698330984,,
5.304360888346924,-0.489044616467164,,
-0.04485913808035755,0.8473323636636234,,
,,0.0,-0.16010555602663706
0.5654462054849245,1.057757101136138,,
-0.15119484822725043,0.7325139499222845,,
,,0.0,-0.141934111038105
-0.1745972144109064,-1.2491144394215297,,
-0.17882881994914251,0.13448766171852952,,
0.0014169457946513727,1.295259977908388,,
-0.17909797939491873,0.6354297143646064,,
-0.18481479708454873,0.5948947011709522,,
-0.18066377820672463,0.013667117520312317,,
-0.1575192893363872,0.33285899416207904,,
,,0.0,0.4884752497178937
-0.1745972144109064,-2.2351335069414766,,
-0.17377684220791184,0.7289626376705629,,
-0.18457706643633323,-0.08335876573687888,,
-0.18611304818378668,-0.06475585155009478,,
-0.15768690959004425,-0.13401027414220765,,
-0.18560051702356611,0.522689124328313,,
-0.17771833576866464,0.5731467045782153,,
-0.14410966904382402,0.8606159114969367,,
-0.15767401572437834,0.030794677489358685,,
-0.14129880632865213,0.3629862780380842,,
-0.1673702027051548,-0.867532259744113,,
-0.18523384771869134,0.7646444209753567,,
-0.1745972144109064,-1.3981076871465392,,
,,0.0,-0.15730994910532445
-0.16769899627963591,-1.2741408415421773,,
-0.10498968061340411,0.987635485401965,,
-0.1381075745763354,0.8322073880101155,,
-0.1609297168050247,-0.791490119074937,,
-0.1745972144109064,-0.8555056225281374,,
-0.15780295438103759,0.5973447085008139,,
-0.1745972144109064,-2.001870343556713,,
-0.1745972144109064,-1.1387922384975206,,
-0.17408145978426934,0.6500402859550859,,
-0.17449406348557897,-2.3293210094804238,,
,,0.0,-0.11537584528563491
-0.1547277674197142,0.5292279723468485,,
-0.1824810073990161,0.37546764362442697,,
-0.17435867789608675,-0.9652825936863118,,
-0.028657995871121354,1.2382634599549411,,
2.4423224203469642,1.1587757986203733,,
-0.0829605111231693,0.9705312437531216,,
-0.18439171711738553,0.8421799596968542,,
-0.1672799456454933,-0.05804162495843069,,
-0.12618719576818668,0.5722726468328271,,
-0.18610418365114134,0.06689604798759947,,
-0.16445618906465548,-0.2749485332382655,,
1.6036731627709633,1.6501201643422023,,
-0.1712963848004293,-1.871486466824797,,
-0.16770544321246886,-0.8872917863769403,,
0.039808430814946456,0.8976990697882381,,
-0.180974036849311,0.595913824196156,,
-0.16426922801249955,-0.4606961817497206,,
-0.12112635349431068,0.8901602119151173,,
,,0.0,-0.051207930169880594
,,0.0,-0.05527029647741329
-0.186121912716432,-0.024160552151240286,,
-0.15769335652287722,-0.11780671698645516,,
-0.17430710243342304,-0.8160099504292513,,
0.04201972877665279,1.5288219055194257,,
-0.13469714710769795,0.6592339200322029,,
-0.1411827615376588,0.9446128785708957,,
-0.18359229744609812,0.6516163323982203,,
,,0.0,-0.13913850411679235
-0.1712963848004293,-1.3538357950505142,,
,,0.0,-0.06645272416266403
,,0.0,-0.17268578717254385
-0.1380559991136717,0.40239014631053044,,
-0.14661752591584665,-0.037153117787854545,,
,,0.0,-0.15717890503088794
-0.17442959415724935,-1.7200110470526493,,
,,0.0,0.20537636757684424
-0.09128994834335759,0.9829266304011579,,
-0.12385340608265406,0.6874712463872275,,
-0.18537568024101653,0.37651834709511456,,
,,0.0,0.3450693509261851
-0.07846055200576108,1.1080632329011488,,
-0.17105784828560966,-0.340435677156174,,
0.49630929778422855,1.357402745327438,,
-0.08825344297903198,1.2593376542928134,,
-0.1745972144109064,-2.0676494748563488,,
-0.1745972144109064,-2.334852961788223,,
-0.1672283701828296,0.18964199422405784,,
-0.170825758703623,-1.4193995462480233,,
-0.1745972144109064,-0.8318152506929706,,
-0.18285976470295268,0.6348739584079681,,
,,0.0,-0.17268578717254385
-0.06844201838333647,1.4357822281905275,,
-0.18480432081869516,0.6001379329720439,,
-0.0718588927848069,1.1369968454357642,,
-0.18358826811307752,0.4843192184770895,,
,,0.0,-0.09689863079008429
-0.1545021247705605,0.4001071462512824,,
-0.1785588546367622,0.6435962534085128,,
-0.14779086769144595,0.41387523289046485,,
-0.08811805738953976,0.9035318315243811,,
-0.1346326777793683,0.4593529230100615,,
-0.18614689458115974,-0.2131411127951311,,
-0.13162196014637456,1.3278556627124143,,
-0.1670349621978407,-0.4206638305666295,,
-0.07913103302038924,0.9524913804333728,,
-0.1745972144109064,-1.954678064427551,,
-0.1745972144109064,-2.0780061463316892,,
-0.16769899627963591,-0.4571958794929291,,
-0.13469714710769795,0.9826626378539843,,
-0.14120854926899065,0.9063994371609377,,
-0.1745972144109064,-1.6201802064856112,,
-0.15449567783772752,0.018398337691254627,,
-0.17105784828560966,-0.2170378541599942,,
-0.16662235849653106,-0.122399301292913,,
-0.15769335652287722,-0.12301847413833673,,
-0.1675249290931459,-0.2438459095206559,,
,,0.0,-0.13214948681351074
-0.15045989788429265,0.6198271217243497,,
-0.1575063954707213,-0.4985329843262412,,
-0.13796574205401022,0.9381850371163925,,
-0.18312731241552066,0.5332968864430526,,
-0.15454080636755826,0.4595923163044024,,
-0.17418461070959676,-0.750797232750205,,
-0.15784163597803536,0.1357671887587557,,
-0.13149302148971528,0.5466709251880322,,
-0.15767401572437834,0.2664744255262749,,
,,0.0,-0.17268578717254385
0.14288199294836004,1.0038533998414314,,
-0.1445674012749644,1.0164084416652193,,
-0.16776346560796554,-0.626901163269356,,
-0.13151880922104714,0.34521679893536195,,
-0.18437640565190724,0.28856382436915545,,
-0.1816114773331702,-0.13104305532213265,,
,,0.0,-0.14053630757744867
-0.14605664275937888,0.1845132610803436,,
-0.1745972144109064,-2.080354570947143,,
-0.17449406348557897,-2.637874162110551,,
-0.1676087392199744,-0.5616483141103077,,
-0.1745972144109064,-1.4340211519689299,,
-0.13797863591967616,0.7939481958101021,,
-0.09838802139244993,1.3900927691525196,,
0.39316481938965236,1.530975465150432,,
-0.17436512482891972,-0.7484653045536458,,
-0.17105784828560966,0.12812199509748148,,
-0.18202005170145924,0.7590560094566092,,
-0.16702206833217478,-0.6436501686762138,,
-0.1678214880034622,-0.5139995100028315,,
-0.14779086769144595,0.5150251247797348,,
0.7259554922272061,1.16039718506311,,
-0.1743006555005901,-0.7174186774783835,,
6.566973342884243,1.9381691834619055,,
-0.13128671963906047,0.935089802449546,,
-0.16782793493629516,-1.106156342576516,,
,,0.0,-0.03792879729364549
-0.1743715717617527,-1.6477376219873623,,
0.40683231699553407,0.7987468730453439,,
-0.1745972144109064,-0.9011564205116636,,
-0.17299353986870683,-0.2104486283765878,,
-0.17127704400193042,-0.17641441468508448,,
-0.18564806315320923,0.46969235434168877,,
-0.1712963848004293,-0.7921183046512251,,
-0.1839791134160759,0.3821075515559343,,
-0.1745972144109064,-1.6915107853119045,,
,,0.0,-0.17268578717254385
-0.16709298459333738,-0.46038360915538584,,
-0.18510410319542794,0.6377689400709936,,
-0.16452710532581807,-0.41583806962449144,,
-0.17430710243342304,-1.4554954322765996,,
-0.16441106053482474,-1.4469029440634231,,
-0.18559004075771254,0.6017031789497507,,
-0.17112876454677226,-0.0991604022395157,,
-0.1835407219834344,0.5170085938988047,,
0.6377743449379372,1.4673690957489376,,
5.598740735365684,-0.35070111991046043,,
-0.010600137005991791,1.613080498182773,,
-0.14698500108732557,0.22295432277919555,,
-0.15006018804864893,0.15057072983451625,,
-0.05204102125627841,1.447224076324679,,
-0.1839436552854946,0.5485508117735954,,
-0.1577836135825387,0.3089953640493515,,
0.2610413779109072,-0.89015266366823,,
-0.17436512482891972,-0.4135821449757631,,
-0.17436512482891972,-1.9784527907262157,,
,,0.0,-0.17268578717254385
-0.1610973370586817,-0.4136636416484293,,
0.5621453758744475,1.0593498588569874,,
-0.16117470025267727,-0.7027859892451196,,
-0.17104495441994375,0.18584602888242435,,
0.02164742102448949,1.4588942202510136,,
0.05892358666468196,1.4960150997258144,,
-0.18486234321419184,0.512543679093562,,
-0.1745972144109064,-1.949123294337529,,
-0.157732038119875,0.2839615445890486,,
-0.022153040642661614,0.03283232236519868,,
-0.16421765254983584,0.04256765096349222,,
-0.15403149867375418,0.32258670292925584,,
-0.13683752880824168,0.838918962979405,,
-0.17105784828560966,-1.2289721177142459,,
-0.025337825462145372,0.999801972184479,,
-0.18342951239206579,0.061929107670581,,
-0.1651564871436361,0.2793153603115454,,
,,0.0,-0.17268578717254385
-0.1745972144109064,-1.160244304752568,,
-0.15787387064220018,-1.068040065251041,,
-0.16953476040382215,0.38263480994033783,,
-0.13788837886001465,0.8942938545986855,,
-0.01114167936396069,1.4089317904945933,,
,,0.0,-0.11817145220694764
-0.1176836913615084,0.807997469093705,,
-0.1745972144109064,-1.188969906166717,,
-0.18486234321419184,0.512543679093562,,
-0.16440461360199177,-1.20676404536324,,
-0.05001023741389504,1.1226508936074062,,
-0.17436512482891972,-0.8085884077271633,,
-0.18107638190803427,0.5559403105543059,,
-0.1851298909267598,0.3518927162406518,,
-0.15784808291086833,0.5081400112472547,,
-0.18375588836673454,0.6483933202274188,,
-0.17106429521844263,-0.45380570063159176,,
-0.1837542766335263,0.7577149300490017,,
-0.1446769991331248,0.7625200629905423,,
-0.1858245479395116,0.4829328721494679,,
-0.13777233406902134,0.5624013668897249,,
-0.14790691248243928,0.16588302835000343,,
-0.185097656262595,0.7122961865742615,,
,,0.0,-0.17268578717254385
-0.18598088606071092,0.8633815017035448,,
-0.11807050733148618,0.8416262640494534,,
-0.18170012265962346,0.7145743619158128,,
-0.18452226750725303,0.3063820659721705,,
-0.18510490906203209,0.24646665169931742,,
-0.1543796330467342,0.13376575597051377,,
-0.17099337895728003,-1.6085359227938778,,
,,0.0,-0.06431233761353405
-0.18614528284795148,-0.24811680411439818,,
,,0.0,-0.17268578717254385
-0.11088217722273236,1.0812313604697634,,
-0.1412536777988214,0.6053514401172764,,
-0.17435867789608675,-0.8332373380199702,,
-0.14808097966892927,0.43223203449941355,,
-0.02109574365805567,1.0039113305578502,,
,,0.0,-0.17268578717254385
-0.1545021247705605,0.3762555831743706,,
-0.18508717999674143,0.47031647274886135,,
0.02501191409669209,0.5727733825714666,,
-0.1720313351433871,-1.4256351438773534,,
0.03365805689229969,1.2817831877716233,,
-0.18351251665229018,0.5591404328764629,,
-0.15753218320205314,0.36183384694949117,,
,,0.0,2.1995614109938075
-0.17200877087847172,0.9810515308904707,,
-0.17112876454677226,-1.3199111970837947,,
-0.17085154643495484,-1.3486774431413497,,
-0.1745972144109064,-1.9801306071354026,,
-0.15407662720358492,0.7245213549308961,,
0.6085181637419508,1.0475685800063543,,
-0.14630162620703147,0.07290164445830358,,
-0.16411530749111256,0.48521805457671274,,
-0.1016566163387622,1.3900867619945128,,
-0.18536117464214236,0.39404051969054427,,
-0.16413384242300733,-0.2923901424863545,,
-0.1745972144109064,-1.9819886311685377,,
-0.15449567783772752,0.035035326737816966,,
,,0.0,-0.07623734838725768
0.021924639136306903,0.3711210687551705,,
,,0.0,-0.13922586683308333
-0.09515166111030246,1.1015650817823628,,
-0.17449406348557897,-2.0454987482738587,,
-0.18606791965395594,0.18499959938207514,,
-0.04553606602781867,1.4266922149680448,,
0.536383432273927,1.3245804722661627,,
-0.1510788034362571,0.4871593593815296,,
-0.1712963848004293,-1.1203674491740032,,
-0.16770544321246886,-0.8434138878447441,,
-0.18419508566598017,0.20860563800388757,,
-0.16351493687104288,-0.5103899360268462,,
-0.07069199794204058,1.2682618979046472,,
-0.12479465827626667,0.3301807945136951,,
-0.17113521147960523,-1.6301723329119306,,
-0.1841926680661678,0.41014877020166884,,
-0.14459318900629625,0.48324083514220206,,
-0.09122547901502795,1.269018574509091,,
-0.1743715717617527,-1.6677793873787778,,
-0.1712963848004293,-0.03647374221363946,,
-0.1745972144109064,-1.615771605216727,,
,,0.0,-0.15171873526269916
-0.07515972239528398,1.2244006616622443,,
-0.1745972144109064,-2.4491938436259284,,
-0.1745391920154097,-1.2796637168010807,,
-0.16135037917237552,-0.04100763913803506,,
-0.1497579880721038,0.4737582289073994,,
,,0.0,-0.10139781067907178
-0.15786097677653427,-0.20752016837861542,,
0.002080979876446569,0.2630519734147367,,
-0.16133587357350135,0.3717726023935421,,
-0.17430710243342304,-1.1370131168979865,,
-0.1859913623265645,0.47302762213950184,,
-0.16447552986315436,-0.03206623923462467,,
-0.17435867789608675,-2.1828779853982545,,
-0.170999825890113,-1.194033340282229,,
-0.18448278004365112,0.6750022227596888,,
-0.1745972144109064,-2.218787101496413,,
-0.18034949023111768,0.46978759089854116,,
-0.1609941861333543,-0.16108951675543695,,
-0.17437801869458563,-0.844250741829022,,
-0.18083945712642288,0.5278718247860906,,
,,0.0,-0.14053630757744867
-0.1849211714762926,0.5996569864131343,,
-0.18409999340669395,0.5603344139803489,,
-0.16098773920052134,-0.4349831537692997,,
-0.16440461360199177,-0.3389260132499735,,
-0.17105784828560966,-0.7471178832243988,,
-0.1280890409539108,0.5653811588218095,,
-0.05495503489677772,1.1290994265412766,,
-0.15372849283060494,0.333908594779776,,
-0.12438205457495703,0.7951839671032883,,
-0.0848816971073923,1.1485046095937517,,
-0.18594865139654612,0.201754880141496,,
0.1439199491344671,1.6219904250722288,,
0.025251256478115845,0.3837187816115905,,
-0.17442153549120815,0.6852533368310518,,
,,0.0,-0.10838682798235338
0.4198228866539547,0.75819410495304,,
-0.15780295438103759,-0.33309194507938156,,
-0.17435867789608675,-0.16723185909931246,,
,,0.0,-0.08969120669607514
-0.15769335652287722,-0.29135305802590655,,
-0.18571414421474708,0.6276877709467885,,
-0.1343232250033861,0.566660172843608,,
-0.17449406348557897,-2.6384127950789225,,
-0.10482850729258003,1.2985923433281634,,
,,0.0,-0.17268578717254385
-0.18539582690611953,0.391612473737111,,
-0.18000054999153356,0.6523671281098192,,
-0.17449406348557897,-2.6389988895859116,,
-0.17738390112795469,0.5010564936881831,,
-0.14796493487793594,0.7600583949691581,,
-0.15461172262872086,0.12310822361406314,,
0.4875737037955636,1.4347587202096255,,
-0.1611553594541784,0.27359318223452883,,
-0.15747416080655646,0.002852387184852279,,
-0.1539412416140927,0.17488528667109654,,
,,0.0,-0.17268578717254385
-0.17436512482891972,-1.7763797239288797,,
-0.15779006051537167,0.14620045963558867,,
-0.1853982445059319,0.4116790592726768,,
-0.15109169730192304,0.4366896137218899,,
-0.10818735929855379,0.36170382592860906,,
-0.1723843047159918,0.43196958380257056,,
,,0.0,-0.17268578717254385
-0.18329573853578182,0.5848490228365891,,
0.03508282904838453,1.4815479943813392,,
-0.18552234796296643,0.7239413358656138,,
-0.1745972144109064,-2.2173321878947645,,
-0.16074275575286875,-0.4474202142087661,,
0.04115583977703574,1.4788560116202099,,
,,0.0,-0.13913850411679235
-0.15449567783772752,0.10747045640265832,,
-0.16782793493629516,-0.45225355739923184,,
-0.16003923420747165,0.5089354930231362,,
-0.16769899627963591,-0.858535017849688,,
-0.1645206583929851,-1.008811040969468,,
-0.1745972144109064,-2.0930535940349353,,
-0.1082905102238812,0.0949093297363748,,
-0.08517825601770859,0.8217957846029891,,
-0.16445618906465548,0.3568621799657046,,
-0.14429018316314698,0.3628344562604372,,
-0.1049058704865756,1.2199826039678598,,
-0.1745972144109064,-1.904052177250393,,
-0.1710707421512756,-0.9604214855854075,,
0.6243453838468751,1.6093727117306664,,
-0.17324335851598413,-1.3310670658067718,,
,,0.0,-0.17268578717254385
-0.17127059706909745,-1.1352604413034464,,
-0.16776346560796554,-0.49484849534895314,,
-0.18480754428511165,0.7411965081133023,,
-0.18509201519636614,0.5732287436827376,,
0.6489726672687941,1.2424935690874779,,
-0.16238027669244137,0.19285022852879616,,
-0.17105784828560966,-0.8279492118554628,,
-0.18472051069186665,0.7276381227739529,,
-0.13578023182363574,0.3186629885592615,,
-0.18516212559092463,0.6762965581828164,,
-0.1745972144109064,-0.9897632269596949,,
-0.18333603186598782,0.23736116558196213,,
-0.17435223096325378,-1.5488298307483432,,
-0.12821797961057005,0.616008569916139,,
-0.14459963593912922,0.2719197899400347,,
-0.1676474208169722,-0.8666562682651651,,
-0.1712963848004293,-0.8975624319473371,,
-0.18614689458115974,-0.2131411127951311,,
,,0.0,-0.08514834544894244
-0.16440461360199177,-0.8485112555189261,,
-0.17435867789608675,-1.411405695316473,,
5.367966327676938,-0.4528480441530486,,
-0.1745972144109064,-2.41368828368832,,
-0.16758295148864258,-1.1132754261314843,,
-0.10487363582241077,0.5934618276377454,,
0.23123076049128596,1.5469102223919786,,
-0.17435223096325378,-0.7201094195529447,,
-0.17232708818709927,0.6692243701721341,,
-0.1644497421318225,-0.4790268732913562,,
-0.15780295438103759,-0.33907752571868355,,
-0.16770544321246886,-0.6903089884609876,,
-0.10834853261937787,1.2226971330832517,,
,,0.0,0.4156584256893284
,,0.0,-0.1027956141397281
-0.055200018344430314,-0.6083493254630373,,
-0.1774636819217626,0.4742601133172567,,
-0.12246086859073403,0.5740912213307457,,
-0.17442959415724935,-1.611533432329056,,
-0.12654822400683263,0.8685616095235689,,
,,0.0,-0.17268578717254385
,,0.0,-0.164298966408606
-0.17091601576328447,-1.242540220763101,,
-0.14459318900629625,0.3741068926722644,,
-0.17442959415724935,-1.1660872935768494,,
-0.16776991254079848,-0.3581753668046586,,
,,0.0,-0.14053630757744867
-0.18443281631419567,0.8476457757468601,,
0.08364112714626237,1.247642386667156,,
-0.1578351890452024,0.441021107793687,,
-0.1745972144109064,-2.303529908663823,,
-0.18232466927781674,0.30037572735298607,,
-0.15116906049591858,0.6422740625254388,,
-0.1546568511585516,0.3014995604831152,,
-0.17943241403562868,0.48028030478055617,,
-0.1745972144109064,-2.3005891595130348,,
,,0.0,-0.13354729027416706
-0.17119323387510188,-1.8054078843571466,,
-0.1745972144109064,-1.809114963843361,,
-0.15769335652287722,0.08731282908474185,,
-0.15775782585120685,-0.18921467482693383,,
-0.16770544321246886,-1.1387733858417477,,
-0.03493086151759442,1.1841123796086623,,
-0.1745972144109064,-1.5827842783733783,,
-0.1408152863661799,0.15235048070503548,,
0.2314886378046045,1.5442489804757684,,
,,0.0,-0.17268578717254385
-0.18611949511661963,-0.1314491971909095,,
-0.15125931755558006,0.8353975422340197,,
,,0.0,-0.17268578717254385
-0.17436512482891972,-1.5971448754959723,,
5.2901776361144055,-0.4943981194952096,,
-0.14801006340776668,0.9291388078646158,,
,,0.0,-0.17268578717254385
-0.1745972144109064,-0.6509105549210205,,
-0.1840379416781767,0.39457546471059196,,
-0.1605944762977106,1.0243609790371668,,
-0.17101271975577892,-1.941324144497947,,
-0.13776508126958426,0.4085556960496101,,
-0.1512012951600834,0.46727898652672684,,
-0.16441106053482474,-0.11425904983613507,,
-0.17706558381932713,0.6303855838725041,,
-0.18500578746972526,0.022398993765528927,,
,,0.0,0.03252923339506179
-0.1745972144109064,-2.0643046475911575,,
-0.17435223096325378,-1.8368000580819785,,
,,0.0,-0.164298966408606
-0.1745972144109064,-2.2305064976022373,,
-0.16268892360181947,0.4053971037760903,,
-0.1471526213409826,0.19120908121154448,,
-0.17106429521844263,-0.6448214979963783,,
-0.13788837886001465,0.9500017629227994,,
-0.1745972144109064,-1.464260119387605,,
-0.17422329230659453,-1.0065403041448813,,
,,0.0,-0.16569676986926235
-0.17105784828560966,-0.22306263156326242,,
-0.07191691518030356,0.34354238155715056,,
-0.16754910509126952,0.3810797697578236,,
-0.17448116961991306,-0.8581024359647483,,
-0.13799152978534207,0.8601532892959849,,
,,0.0,-0.005779317698550391
-0.1745972144109064,-1.7854794543573251,,
-0.02913506890076062,1.2796282223970088,,
-0.1530435062171026,0.16310267647342688,,
-0.18351976945172727,0.6913667460723626,,
,,0.0,-0.17268578717254385
-0.1610973370586817,-0.18220383456419872,,
-0.1848172146843611,0.5786644221733809,,
-0.14449003808096886,0.7362712404033286,,
-0.1722537543261243,0.9708948041073221,,
-0.18539582690611953,0.41648006994431036,,
0.0040215066591684535,1.4517319486921316,,
-0.10463509930759114,1.3186263757621723,,
-0.18483494374965173,0.2198773093509369,,
4.575696304901273,1.5810457548705759,,
-0.17056224032407563,0.38936909540180703,,
-0.1837035070374667,0.688373691424926,,
-0.1709804850916141,-1.391137893433489,,
-0.17436512482891972,-0.4889285726278252,,
-0.16337310434871768,-0.31053280104069725,,
,,0.0,-0.17268578717254385
-0.1678924042646248,-0.22569494603961793,,
-0.18178312691984785,0.519116580462614,,
-0.16440461360199177,-0.8448870768991802,,
-0.18414351020331646,0.6733884700068987,,
-0.12799878389424932,0.24536380946287606,,
-0.1610973370586817,-0.029239405402324992,,
1.0428931572285036,0.10713578487861687,,
,,0.0,-0.168492376790575
-0.17093535656178335,-1.3489429776326698,,
-0.1474685210497978,0.18150914095563106,,
-0.13706478319060364,0.6272797913805508,,
-0.1712963848004293,-1.1511184966171797,,
,,0.0,-0.17268578717254385
-0.16753137602597887,-0.5301017548315169,,
-0.1745972144109064,-1.1297479506020671,,
-0.17436512482891972,-2.1924021227397494,,
-0.15210708922311472,0.4646986965506362,,
-0.17442959415724935,-1.1289866698515865,,
-0.1745972144109064,-0.4685294724447956,,
-0.1506597528021145,0.6182017659471379,,
-0.15780295438103759,-0.48496357758968656,,
-0.1745972144109064,-1.8804233226333424,,
0.15848357040413066,0.9152836262918707,,
-0.15779650744820461,0.4869102465414796,,
-0.16446263599748845,-0.109989456474389,,
-0.18595026312975435,0.41322660278340556,,
-0.1712963848004293,-1.2466811415230523,,
-0.17984340600373008,0.6878484626948179,,
,,0.0,-0.11651156059741821
-0.17943241403562868,0.4655700705077659,,
0.12489505034439306,0.8766018102887647,,
0.6207222075947498,1.1502007948499464,,
-0.18486234321419184,0.512543679093562,,
-0.1745972144109064,-1.5411134625309777,,
-0.17436512482891972,-1.5981751949489964,,
0.05375314653264558,1.4220083691814176,,
-0.15780295438103759,-0.4003728227191197,,
-0.1609103760065258,0.1312536428696376,,
-0.18251404792978504,0.6936443550432789,,
,,0.0,-0.17268578717254385
-0.1745972144109064,-0.895948386811081,,
-0.16413384242300733,-0.025558254417058657,,
-0.15780940131387056,-0.3031702973022586,,
-0.16771189014530183,-1.1711232187160119,,
-0.17442959415724935,-1.3506665096404462,,
-0.15777071971687276,0.02997901587212699,,
5.181959421580287,-0.5377718302998346,,
-0.13348512373510088,0.18219215800268226,,
-0.17235448765163935,0.2639909183765674,,
-0.06498646238486826,1.3186842276801003,,
-0.18489860721137724,0.4570902713248734,,
-0.12476887054493481,-0.09302994109326164,,
-0.1745972144109064,-2.0098320554739644,,
-0.18116502723448752,0.6446332762657774,,
,,0.0,-0.17268578717254385
-0.18468505256128534,0.6606774253133483,,
-0.178878783678598,0.6037506244347252,,
,,0.0,3.8022304413525627
-0.16770544321246886,-0.5377903943361223,,
-0.15777071971687276,-0.07004872659792338,,
,,0.0,-0.14053630757744867
-0.16770544321246886,-0.4768823684748104,,
-0.10385502043480262,0.8620886481129078,,
-0.18524996505077373,0.6356799349793427,,
0.08910409685559446,0.3636548872634657,,
,,0.0,-0.11817145220694764
1.403682859359616,0.7037959558153225,,
-0.1800255318562613,0.42248505447925466,,
-0.16769899627963591,-0.730325924457167,,
-0.1855368535618406,0.4843175262291792,,
-0.17435867789608675,-2.243136169276448,,
0.5878106154824734,1.6445308151117417,,
-0.18198862290389856,0.43933015488123683,,
-0.1745972144109064,-1.9963470209720735,,
-0.1578545298437013,0.30547356957318406,,
,,0.0,-0.15451434218401178
-0.1745972144109064,-1.8201743619194983,,
-0.10168885100292702,1.1293175564148066,,
-0.15438607997956716,0.8548479256726245,,
-0.17078465950681285,0.25199255791490893,,
0.22353312268872805,1.719347506249174,,
1.647879781206591,1.5839286813896511,,
-0.13790771965851356,0.41585621979327264,,
-0.18605180232187352,0.20134425244890594,,
-0.18609693085170426,0.1476758015304148,,
-0.1859961975261892,0.5311707565302939,,
-0.13804310524800578,1.1284692009173005,,
-0.1861460887145556,-0.14958813001694954,,
-0.16139389596899803,0.9884129005851768,,
-0.1578674237093672,-0.2333124647400674,,
-0.15109169730192304,0.59555428590891,,
0.034986125055890084,1.2983377939456255,,
,,0.0,-0.12516046951022916
-0.17451985121691083,-1.5691675904385534,,
-0.1643465912064951,-0.46031046374665485,,
-0.1745972144109064,-2.1179063917628005,,
-0.1745972144109064,-1.5478698025717899,,
,,0.0,-0.17268578717254385
-0.17089667496478558,-1.0050097384628107,,
0.34573473453754305,1.5931931303572386,,
-0.16776346560796554,-1.051473235814263,,
-0.18213045542622375,0.6341851173931924,,
-0.1858849879348206,0.7228136598788508,,
-0.16110378399151468,-0.373186708731035,,
,,0.0,0.08464109366265474
-0.17100627282294595,-1.0869356875743075,,
-0.1609941861333543,-0.132053261850694,,
-0.16770544321246886,-0.7838799193587686,,
5.300454047050149,-0.48711220032189895,,
-0.12798589002858338,1.4437236308759418,,
-0.1745972144109064,-1.1212884600522017,,
-0.1745972144109064,-2.238134999701694,,
,,0.0,-0.15870775256598074
-0.1745972144109064,-1.787092577798442,,
,,0.0,-0.17268578717254385
-0.07992400575884369,0.7242188750429093,,
19.86967125441274,1.8676897319602388,,
-0.14799716954210076,0.21823942609620303,,
-0.15467619195705049,0.6143929158798198,,
,,0.0,-0.17268578717254385
-0.18539743863932778,0.3915331937776106,,
-0.1386684577328032,-0.20106664670667238,,
,,0.0,-0.17268578717254385
-0.13812046844200132,0.7878090158133272,,
0.018133842630524616,0.35295744599269535,,
-0.16441106053482474,-0.6171399645661708,,
,,0.0,-0.17268578717254385
-0.15875629457371201,0.5013331960555777,,
-0.1712963848004293,0.18282797922675423,,
-0.1743715717617527,-1.3763545191842168,,
-0.17977007214275514,0.22733680663136752,,
-0.08173559388490631,1.3065917296918352,,
-0.1181543174583147,0.8270536034380398,,
-0.17430710243342304,-1.5821861911121373,,
-0.15919307427314525,0.5898609744294314,,
,,0.0,-0.13560031410700607
-0.1751629327669989,0.20440764627490585,,
,,0.0,-0.17268578717254385
-0.18279851884103954,0.6904488050528057,,
-0.1666392816952176,-0.10514421607651721,,
-0.1854071090385772,0.46804058443698104,,
-0.05855242341757111,1.2087587412555596,,
-0.1346326777793683,0.979967030130786,,
-0.1861460887145556,-0.14958813001694954,,
-0.16440461360199177,-0.7029819066548338,,
-0.15439252691240013,0.5395078226033566,,
,,0.0,-0.17268578717254385
-0.1679955551899522,-0.15222065199635507,,
-0.14118920847049177,0.9493847844051048,,
-0.16776346560796554,-0.8681007591238413,,
0.010739210671115973,0.9663901396586597,,
-0.16030436432022727,-0.37199482525467437,,
-0.17888925994445154,0.6999068263069302,,
-0.06928656658445463,1.2362707027285407,,
-0.1710707421512756,-0.3986545713382343,,
,,0.0,-0.16709457332991867
-0.17101271975577892,-1.4202610264580537,,
-0.1859518748629626,0.11618156773894692,,
0.050439423056502564,0.9770375273181534,,
-0.18486234321419184,0.512543679093562,,
-0.1610973370586817,-0.19638243864654537,,
,,0.0,-0.08488625730006877
-0.17437801869458563,-2.11353944429284,,
,,0.0,-0.17268578717254385
-0.1787055223587121,0.615758302375462,,
-0.01586728113052262,0.6254601108275378,,
-0.1679955551899522,-0.3106486057012574,,
-0.1745972144109064,-2.3073717251778394,,
-0.16776346560796554,-1.3468942886803894,,
-0.1833311966663631,0.8753162065878942,,
1.801548872213099,1.5917002674373044,,
-0.17540308101502677,-0.18053584436378323,,
,,0.0,-0.17268578717254385
-0.1745972144109064,-2.3245374682741273,,
,,0.0,-0.14612752142007387
-0.1745972144109064,-0.4883780776868986,,
-0.17084509950212187,-1.7544975816471258,,
-0.1542764821214068,-0.5508551729847899,,
-0.1643981666691588,-0.8875226863554699,,
-0.18439494058380201,0.7532454330632778,,
-0.06879659968914943,0.27179772656997514,,
-0.16109089012584876,0.11101868612740272,,
-0.17442959415724935,-1.3312628181854504,,
,,0.0,-0.13913850411679235
-0.1710707421512756,0.045311925079044586,,
0.19261363282183716,1.5993547796774021,,
-0.07478580029097212,1.1911145329395834,,
-0.16775701867513257,-1.1569839603699383,,
-0.17112231761393928,-1.21911305027597,,
-0.14452227274513366,0.33790621319479847,,
-0.13138342363155492,-0.24910259694182932,,
-0.17430710243342304,-1.066744340467103,,
-0.16789885119745776,-0.22106277405901734,,
,,0.0,-0.141934111038105
,,0.0,-0.09301098991513386
-0.1859961975261892,0.5586850024002663,,
0.4977856454029771,1.4394403255416026,,
-0.16776991254079848,0.5361463023298105,,
-0.17391706299702878,0.6339831405236916,,
-0.1447930439241181,0.6795882546835416,,
-0.1846786056284524,0.5114844678600645,,
-0.18321354014216154,0.6517101753979683,,
-0.12471084814943814,1.049594657955135,,
,,0.0,-0.17268578717254385
0.11176909509648025,0.8187858775205943,,
-0.1346713593763661,1.2028281194218058,,
-0.1679955551899522,-0.5361822542524541,,
-0.16740888430215256,-0.2973057408718047,,
,,0.0,-0.17268578717254385
-0.10594785600570325,-0.024198444213676156,,
,,0.0,-0.17268578717254385
-0.13467780630919907,0.6834525298662398,,
,,0.0,-0.03093977999036431
-0.13467780630919907,0.8858520664959377,,
-0.15770625038854313,0.18549476081308028,,
,,0.0,-0.141934111038105
-0.17449406348557897,-2.637916448798371,,
-0.15446989010639567,0.5489188418189805,,
-0.11485993478067057,0.915504810500931,,
-0.1507306690632771,0.576173345838598,,
-0.13708895918872724,0.6340326984506618,,
,,0.0,0.48987305317854996
-0.15780295438103759,-0.5054565601559321,,
-0.1546246164943868,0.29691205410782473,,
,,0.0,-0.1712879837118876
-0.1745972144109064,-1.2815990897355476,,
-0.16445618906465548,-0.2401022803013014,,
,,0.0,2.4263113411271506
-0.08180006321323595,1.1644760211126162,,
-0.1609941861333543,-0.1148709252267102,,
-0.16458512772131473,0.029753692971788016,,
-0.18180005011853437,0.7520488046621013,,
-0.1743715717617527,-2.1196695833151407,,
0.3935129537626324,1.5887205193700134,,
-0.1745972144109064,-0.7233116768018747,,
,,0.0,-0.17268578717254385
,,0.0,-0.16844869543242946
-0.14811966126592704,0.6101697632077046,,
-0.18221668315286463,0.4325604252033601,,
-0.17430710243342304,-0.29965159657664364,,
,,0.0,-0.13494509373482338
0.660493336241299,1.731304068111935,,
-0.18390739128830919,0.555289833869293,,
,,0.0,-0.09720440029710282
,,0.0,-0.17268578717254385
-0.15760954639604868,-0.20268564962380148,,
-0.18323771614028514,0.09870527645957912,,
,,0.0,-0.164298966408606
-0.1446769991331248,0.7625200629905423,,
-0.17449406348557897,-2.6377023018072725,,
-0.18601876179110458,0.3523443784380837,,
-0.16062348749545893,0.4380507547446852,,
-0.17435867789608675,-2.2090164592285357,,
0.018365932212511284,0.3632907619637395,,
-0.1745972144109064,-1.0065454463783945,,
-0.1745972144109064,-2.500278479630201,,
0.19045391032279455,1.6018409607917086,,
-0.17437801869458563,-1.9168234264787691,,
-0.15006018804864893,-0.07131250890547022,,
-0.186121912716432,-0.10364653339266472,,
-0.16091682293935874,0.17846546338002595,,
-0.16109089012584876,-0.27574980395770365,,
-0.16770544321246886,-0.8516879443312914,,
-0.16769254934680294,-0.5260913696628324,,
-0.18609290151868366,0.09847285700736018,,
,,0.0,-0.13913850411679235
-0.07840897654309736,1.3890293742925992,,
-0.14120854926899065,0.9065707027607767,,
0.2698221004294029,1.6415194885532043,,
-0.15109169730192304,0.25773220949714143,,
-0.17430710243342304,-1.7153835639277772,,
-0.18543370263651318,0.6855851110267853,,
-0.03854114390405374,1.2461196052664252,,
-0.18207162716412295,0.6984606997102208,,
,,0.0,-0.17268578717254385
,,0.0,-0.16569676986926235
-0.05202812739061249,0.9677923526615361,,
-0.16072341495436987,-0.1291277309038452,,
-0.18308460148550226,0.723379877846749,,
-0.14779086769144595,0.8989277449532623,,
,,0.0,-0.13568767682329702
5.5559331013548094,-0.3700676757859273,,
-0.12799878389424932,0.8468255984145899,,
-0.1678094000044004,-0.14843249922444043,,
-0.15149140713756673,0.9497121376125444,,
-0.18305156095473332,0.3211334191725122,,
-0.1745972144109064,-1.418355167440714,,
-0.17741210645909888,0.3619686582094191,,
,,0.0,-0.17268578717254385
0.557503584234714,1.4601528486113535,,
-0.08860802428484495,0.645014176126126,,
-0.18594945726315024,0.282680500318622,,
,,0.0,-0.17268578717254385
-0.17456659147994982,0.6225720196632897,,
-0.17926882311499226,0.6251075215973931,,
-0.17442959415724935,-1.0360822109541108,,
-0.16424988721400066,-0.157683927551383,,
,,0.0,-0.13494509373482338
-0.17430710243342304,-1.213114500842612,,
-0.1745972144109064,-2.1580649801759084,,
0.44168443589053247,1.4049711156759814,,
-0.11119162999871458,0.5898632651746215,,
,,0.0,-0.16010555602663706
-0.1745972144109064,-1.9222969010443391,,
,,0.0,0.29064237867687975
-0.17894808820655234,0.6499847374074986,,
-0.1710707421512756,-1.4929266300895978,,
,,0.0,-0.14132257202406784
-0.1148921694448354,0.6424147069271375,,
,,0.0,-0.08855549138429189
,,0.0,0.08298120205312567
0.050194439608849964,0.3915908622328949,,
-0.16462380931831253,-0.02528888238519726,,
-0.18114407470278038,0.6786450456758798,,
-0.13127382577339455,1.1465656428410635,,
-0.15767401572437834,-0.4487697760779497,,
-0.18270342658175334,0.6454038208906735,,
-0.16761518615280738,-0.7764302997270424,,
-0.14347786962619363,0.4763433483857826,,
-0.1679439797272885,0.38884500591066395,,
-0.1745972144109064,-1.3087710598779676,,
-0.18295405109563476,0.7517101866279788,,
-0.18550461889767578,0.68504596232809,,
-0.18391786755416276,0.6513650682526557,,
-0.15780295438103759,0.16370651138925466,,
,,0.0,-0.17268578717254385
-0.1148921694448354,0.6497272381229116,,
-0.15439252691240013,0.5622106001368932,,
-0.12790207990175487,-0.14472403952537521,,
-0.09177991523866277,-0.1134498152222085,,
-0.11661350051123653,0.5956236312905585,,
-0.18218283675549157,0.2765772248466246,,
,,0.0,-0.17268578717254385
,,0.0,-0.17268578717254385
-0.16762808001847332,0.12031839093949925,,
,,0.0,-0.15171873526269916
-0.1017984488610874,0.7830914023905076,,
-0.1745972144109064,-1.0548914838747872,,
-0.15780295438103759,0.30752122027210116,,
,,0.0,-0.14472971795941755
-0.1745972144109064,-2.0745320724458303,,
-0.16929783562221074,-0.9040938853596848,,
-0.1745972144109064,-2.1104641638565558,,
-0.15434095144973642,-0.19177651790979777,,
-0.1506597528021145,0.566001177186592,,
,,0.0,-0.07763515184791475
-0.16419831175133695,-0.5225095640870915,,
-0.1816114773331702,-0.13104305532213265,,
0.06283042796145759,1.3783657356121903,,
-0.1745972144109064,-1.154799566021678,,
-0.10789724732107046,0.47796031793366217,,
-0.1445480604764655,0.7992839058662409,,
-0.1745972144109064,-2.190818903579891,,
,,0.0,-0.17268578717254385
-0.17518549703191427,0.7118351863697837,,
-0.16440461360199177,-0.390616096350728,,
,,0.0,-0.12813080186412382
-0.1552104815155823,0.37327081530282336,,
-0.16122627571534098,-0.2839516563571869,,
-0.1712963848004293,0.08762005210447986,,
-0.1606460517603743,0.878497589383491,,
-0.1745972144109064,-2.053937267103279,,
5.232348648602727,-0.5068820277247346,,
-0.17449406348557897,-1.5014758488197735,,
,,0.0,-0.05387249301675707
-0.17437801869458563,-0.5364731217401576,,
-0.17100627282294595,-1.2022914634848605,,
1.5813151997062473,1.8555881698237164,,
-0.03493086151759442,1.2433140244363872,,
-0.18427889579280868,0.3829883464262197,,
0.7638376695536971,1.613177729294466,,
-0.16664814622786292,-0.4034468718798422,,
-0.18086443899115062,0.7646284685087927,,
-0.14459963593912922,0.4327123999105965,,
-0.15777071971687276,0.19473672012431667,,
,,0.0,-0.15451434218401178
-0.16769899627963591,-0.5955946057209804,,
-0.16110378399151468,-1.09884268907936,,
-0.1745972144109064,-1.028092182577012,,
,,0.0,-0.17268578717254385
-0.01448119057143556,1.5378366132324015,,
,,0.0,-0.13354729027416706
-0.16770544321246886,-0.7826827642984041,,
-0.1743715717617527,-0.5833282919259658,,
-0.1679955551899522,-1.5018499707675108,,
-0.1745972144109064,-1.9997032937835513,,
-0.1522215222808998,0.32786105654045067,,
-0.1610973370586817,0.09922382709857523,,
,,0.0,-0.12516046951022916
-0.1745972144109064,-1.7248145722763153,,
-0.15749994853788832,-0.2481893264436645,,
-0.1743715717617527,-1.7296358946167667,,
-0.17449406348557897,-2.5392064147170887,,
-0.15831870900767464,-0.2598810282528999,,
0.01988740836109057,1.3890539406173699,,
-0.18436995871907427,0.6686527596153179,,
-0.1609941861333543,-0.13423428785562436,,
-0.16426922801249955,-0.4689053681210788,,
-0.12814706334940745,0.7389213327636371,,
-0.1745972144109064,-1.1855134764417312,,
-0.1709482504274493,-1.0872478647689012,,
-0.15769335652287722,0.42058963035858665,,
-0.15768690959004425,0.5058933626077011,,
,,0.0,-0.14472971795941755
-0.17442959415724935,-0.8299106119801365,,
-0.17100627282294595,-1.3922566775988814,,
-0.18498564080462226,0.8406886806700304,,
,,0.0,0.10792325755421153
-0.09492601846114876,1.1875455773983867,,
-0.17571172792440487,-0.31930432041884105,,
-0.17442959415724935,-1.5424507234231382,,
-0.16426278107966658,0.13930477422087884,,
-0.1609941861333543,-0.18035840119283744,,
-0.17450051041841194,-0.9955792729721714,,
1.1399710718272615,-1.4174835249036177,,
-0.08836304083719235,0.7716007798088543,,
-0.18007307798590438,0.45723739704595046,,
-0.18162437119883615,0.7988505640887246,,
-0.17105784828560966,-0.429357019425655,,
-0.17963952175288764,0.5052374506990425,,
0.10294969098098677,1.3320646987196236,,
-0.1851693783903617,0.5750794620727835,,
-0.15780295438103759,0.04049466033256724,,
-0.14464476446895996,0.8682250121811812,,
-0.17442959415724935,-1.5012194265996772,,
-0.15769335652287722,-0.13130362640361176,,
-0.1775313747165087,0.32932249107133377,,
-0.17101271975577892,-1.4125107057069997,,
-0.15116261356308563,-0.26850197220707944,,
-0.09171544591033315,1.228544779113281,,
-0.12141001853896105,-0.10115782346251213,,
,,0.0,-0.13774070065613603
-0.170999825890113,-1.0257779952445651,,
,,0.0,-0.11882667257913022
-0.18242298500351944,0.09978599231880836,,
,,0.0,-0.08458048779305032
-0.18584630633782281,0.44448849893150694,,
-0.1713874477266949,0.9816318572861338,,
,,0.0,-0.12376266604957281
-0.16447552986315436,0.0868320872659716,,
-0.1788159260834766,0.12347831067917221,,
,,0.0,-0.17268578717254385
-0.12464637882110852,0.662179686416326,,
-0.10482850729258003,1.0522118167309995,,
-0.18122949656281714,0.11821997160899397,,
-0.17430710243342304,-1.7583401548336954,,
-0.1610844431930158,0.004604315841376778,,
-0.1545021247705605,0.4001071462512824,,
-0.1745972144109064,-1.7987745514171423,,
-0.13409113542139942,0.8631445748696331,,
2.877819180146453,0.7445789532041397,,
-0.18531362851249925,0.47780850122074714,,
,,0.0,-0.17268578717254385
,,0.0,-0.14472971795941755
-0.18588579380142473,0.7399514413218597,,
-0.1712963848004293,-1.2930686517757166,,
-0.18397669581626352,0.7410269206682295,,
-0.1853950210395154,0.3959793590917861,,
-0.17112876454677226,-1.1574406873854022,,
-0.18503157520105712,0.7333971812269706,,
0.03730702087575679,1.046821684446979,,
-0.15421201279307717,-0.16696264472768718,,
-0.15767401572437834,0.3323096519309922,,
-0.17108363601694151,0.11561117516510949,,
-0.1745972144109064,-1.3733679927675713,,
-0.18530073464683333,0.8098706504882702,,
-0.18482607921700642,0.6083412160299294,,
-0.17105784828560966,-0.9571444212908107,,
,,0.0,-0.17268578717254385
-0.17219814953044,0.7675223411670757,,
-0.0969439084378662,-1.2993896699829244,,
-0.18392753795341218,0.6543501265945743,,
-0.17449406348557897,-2.6386834440183002,,
-0.16469472557947512,0.30695297136578414,,
0.0702121660552003,1.4014510600028558,,
-0.1745972144109064,-2.202578564121979,,
-0.1544827839720616,0.1570901002376507,,
-0.02195963265767272,1.257379000428135,,
-0.1759542937722451,0.8092753256874867,,
-0.1679955551899522,0.15806767215074938,,
-0.18514681412544634,0.7554740748054007,,
-0.17442959415724935,-1.6567481581424472,,
-0.16770544321246886,-0.42669023886847435,,
-0.1710707421512756,-1.0881896512129587,,
-0.164539999191484,-0.37757634119276,,
-0.1712963848004293,-1.2200010816453384,,
,,0.0,-0.17268578717254385
-0.17377925980772418,0.3744871171155383,,
-0.18393237315303693,0.6632363048182759,,
-0.08187097947439854,-0.060365934478740474,,
-0.15353508484561604,-0.1624908568313443,,
-0.17176781676383973,0.9921346810756194,,
-0.08468184218957044,1.0820675440200316,,
-0.18449970324233766,0.324677343744866,,
,,0.0,-0.17268578717254385
-0.1745972144109064,-2.182146075106,,
-0.1542893759870727,0.21238809703013864,,
-0.11769658522717433,0.4383695162297614,,
,,0.0,-0.15451434218401178
-0.1861267479160567,-0.1810322493153137,,
-0.13949366513542247,0.5150857945152318,,
-0.15428292905423976,0.32164174247637384,,
,,0.0,-0.017616965755983614
-0.1859961975261892,0.5586850024002663,,
-0.17744192352345134,0.2400151414450683,,
-0.18539260343970304,0.38607452324600516,,
-0.08854355495651532,1.2374241771190866,,
5.347826109506761,-0.4616813495283013,,
-0.1745972144109064,-2.2355978019441425,,
-0.16469472557947512,-0.16784952488311808,,
-0.18141645761497308,-0.07696561385548129,,
-0.14120210233615768,0.8274175406360513,,
-0.1712963848004293,-1.3238700508922419,,
-0.17411369444843416,-1.54569551384572,,
-0.16770544321246886,-1.1833910743632432,,
-0.17435867789608675,-1.2091434322144738,,
-0.16770544321246886,-0.8671482523888003,,
-0.17083220563645596,-0.6248444837344708,,
-0.16351493687104288,-0.4381766714558899,,
-0.1813181418892704,0.7904804405765506,,
-0.1743006555005901,-1.2083251846157426,,
-0.1546246164943868,0.44332138041070396,,
-0.17449406348557897,-1.2414358005321442,,
-0.1513237868839097,0.19320232244380314,,
,,0.0,1.6885768834076318
-0.09392029693920652,1.4733179928393614,,
,,0.0,0.723349912466298
-0.15456659409889012,0.052893824911819896,,
-0.15784808291086833,-0.21170517178789175,,
-0.18230049327969314,0.6513070345660905,,
1.7989700990799138,1.642955149364118,,
-0.1644690829303214,-0.029858270055785372,,
-0.17435867789608675,-0.9356719106249036,,
-0.18336746066354853,0.3029088325300921,,
12.498841371023396,0.7071483849180092,,
0.43969878057797984,1.7872268145143972,,
-0.1544827839720616,0.5714652785261053,,
-0.17436512482891972,-2.2493693154288965,,
,,0.0,-0.0832263656905397
-0.05081610401801543,1.2274390935520292,,
-0.18588579380142473,0.7250478309001032,,
-0.17442959415724935,-1.186423485847144,,
5.334390701482866,-0.464290373937588,,
-0.12288636615770959,-0.013840048518690784,,
-0.18588740553463295,0.7259411349144845,,
